estado,seller_id,faturamento_total
AC,4be2e7f96b4fd749d52dff41f80e39dd,267.00
AM,327b89b872c14d1c0be7235ef4871685,1177.00
BA,53243585a1d6dc2643021fd1853d8905,222776.05
CE,bbf9ad41dca6603e614efcdad7aab8c4,7846.00
DF,44073f8b7e41514de3b7815dd0237f4f,18729.64
ES,001cca7ae9ae17fb1caed9dfb1094831,25080.03
GO,9d5a9018aee56acb367ba9c3f05d1d6a,10292.31
MA,06a2c3af7b3aee5d69171b0e14f0ee87,36408.95
MG,a1043bafd471dff536d0c462352beb48,101901.16
MS,b1fecf4da1fa2689bccffa0121953643,3669.64
MT,2dee2ce60de9709b1a24083217181a1f,7784.50
PA,67225bff54a172ff67579aaf583efd78,1238.00
PB,a6bd7d1ccdac48c6b33b28596b7eb122,14368.61
PE,de722cd6dad950a92b7d4f82673f8833,55426.10
PI,47efca563408aae19bb7206c2d969ea9,2522.00
PR,ccc4bbb5f32a6ab2b7066a4130f114e3,74004.62
RJ,46dc3b2cc0980fb8ec44634e21d2718e,128111.19
RN,02d35243ea2e497335cd0f076b45675d,5794.00
RO,3364a91ec4d56c98e44174de954b94f6,3579.94
RS,87142160b41353c4e5fca2360caf6f92,31095.98
SC,04308b1ee57b6625f47df1d56f00eedf,60130.60
SE,4b39558c138930b9e5489c93b6df5fe3,1096.70
SP,4869f7a5dfa277a7dca6462dcf3b52b2,229472.63
